#{"t_start": 1778253361.7515812, "env_id": "CartPole-v1"}
r,l,t
18.896241,20,0.012002
10.967002,12,0.013002
15.036537,16,0.015002
23.922967,25,0.016001
32.862766,34,0.019001
35.81207,37,0.022001
22.991357,24,0.024001
30.904818,32,0.026003
24.963686,26,0.028
18.992733,20,0.030002
47.743073,49,0.034002
25.951451,27,0.035001
18.91879,20,0.036
30.9094,32,0.038067
13.99113,15,0.038067
22.874556,24,0.040068
9.005668,10,0.040068
21.936084,23,0.041071
14.937404,16,0.04207
37.760791,39,0.044069
22.885667,24,0.04507
12.953299,14,0.046069
21.911659,23,0.04707
33.889747,35,0.048069
9.970227,11,0.048069
23.851319,25,0.049069
32.818727,34,0.050069
24.944142,26,0.051068
13.961373,15,0.05207
44.813391,46,0.054069
19.914569,21,0.054069
24.857094,26,0.055069
12.046169,13,0.05607
18.925214,20,0.05607
24.933166,26,0.05707
14.009141,15,0.058068
13.05904,14,0.058068
50.756535,52,0.060068
19.004391,20,0.061067
15.983513,17,0.062068
10.984468,12,0.062068
10.053127,11,0.063068
12.054243,13,0.064068
24.953053,26,0.442741
15.998382,17,0.443742
17.905878,19,0.445742
19.024713,20,0.447742
15.008536,16,0.448742
25.912693,27,0.451742
16.058126,17,0.456853
28.904816,30,0.458853
34.799996,36,0.460855
43.740123,45,0.463854
22.955664,24,0.791702
31.834791,33,0.792702
14.062869,15,0.793701
17.976986,19,0.794701
42.814472,44,0.796701
17.997753,19,0.797702
16.943941,18,0.798701
20.991878,22,0.799701
16.967415,18,0.800701
11.039289,12,0.801702
17.909255,19,0.802769
13.055321,14,0.803768
58.689064,60,1.184977
25.93509,27,1.186978
38.787164,40,1.190978
17.02306,18,1.192978
31.94479,33,1.194978
18.018137,19,1.196978
10.988582,12,1.197978
22.8815,24,1.198978
29.877812,31,1.201977
26.930786,28,1.715203
23.933366,25,1.718203
33.770475,35,1.722203
9.057281,10,1.723202
18.914784,20,1.725202
30.830662,32,1.727202
30.894486,32,1.731202
20.924225,22,1.733202
77.548779,79,2.338388
22.852264,24,2.339388
25.88244,27,2.341388
13.0042,14,2.341388
60.735354,62,2.351391
39.82136,41,2.355389
29.856757,31,2.357391
15.942419,17,2.358389
30.854644,32,2.95224
26.911393,28,2.95524
78.455229,80,2.96424
12.99205,14,2.96624
21.972226,23,2.96824
53.806132,55,2.975311
13.963371,15,2.97731
11.07266,12,2.978309
33.854038,35,3.513445
48.753778,50,3.517949
17.022771,18,3.520014
111.513517,113,3.529524
24.90629,26,3.530523
99.461576,101,4.072541
20.010643,21,4.074541
27.904904,29,4.077541
37.742583,39,4.081541
19.98597,21,4.083541
16.030525,17,4.08654
81.669078,83,4.615389
10.99903,12,4.616389
28.857347,30,4.620429
18.90883,20,4.622429
29.911318,31,4.626429
62.699151,64,4.633428
18.92834,20,4.636428
32.870167,34,4.639428
33.825766,35,5.225927
12.972652,14,5.227927
44.778369,46,5.237062
24.948943,26,5.240062
11.030293,12,5.242061
35.840913,37,5.246061
96.622969,98,5.259122
34.875816,36,5.857203
54.680763,56,5.860202
79.579562,81,5.865202
14.976866,16,5.866202
18.929672,20,5.867202
22.014992,23,5.869202
72.692228,74,6.268228
25.858243,27,6.272228
10.07211,11,6.273228
24.866685,26,6.275228
11.033721,12,6.277228
44.796635,46,6.283228
33.833086,35,6.287228
19.990285,21,6.289228
31.856399,33,6.292228
15.999775,17,6.839494
33.782296,35,6.843494
15.027294,16,6.845494
12.936387,14,6.846494
15.020184,16,6.848494
35.824164,37,6.852536
49.77929,51,6.858535
55.743725,57,6.864535
23.94154,25,7.513132
30.929015,32,7.517132
20.915435,22,7.519188
130.414622,132,7.537188
43.715867,45,7.542187
12.958149,14,7.544187
19.952539,21,8.140804
36.733164,38,8.143803
13.945872,15,8.144804
11.050892,12,8.144804
31.838523,33,8.147802
32.794036,34,8.149802
23.900901,25,8.150803
13.058097,14,8.151961
12.061019,13,8.152961
17.981226,19,8.154958
99.672067,101,8.678638
11.062647,12,8.68114
25.871307,27,8.684142
9.028387,10,8.684142
18.920428,20,8.69027
52.772928,54,8.693627
51.700468,53,8.697626
13.956025,15,9.283435
15.97158,17,9.284436
16.971385,18,9.286433
37.875486,39,9.289433
18.89182,20,9.290433
11.056723,12,9.291432
35.923743,37,9.294432
37.815868,39,9.296432
19.922451,21,9.298432
17.052134,18,9.300432
10.033871,11,9.300432
23.871993,25,9.854459
13.941515,15,9.85546
38.836103,40,9.858459
24.971853,26,9.86046
10.960707,12,9.86146
24.953072,26,9.862459
35.800435,37,9.868455
103.508168,105,10.513758
17.968229,19,10.516758
13.955543,15,10.518758
71.710872,73,10.527758
32.83568,34,10.532758
119.398321,121,11.182493
30.885559,32,11.187556
69.703302,71,11.196556
47.817377,49,11.203556
27.947247,29,11.208557
12.975275,14,11.210557
18.934635,20,11.213556
38.862542,40,11.821617
51.718286,53,11.828616
35.890081,37,11.834616
37.81843,39,11.840616
12.951288,14,11.842616
25.912023,27,11.845615
27.848674,29,11.849615
43.795027,45,12.527615
24.914386,26,12.529615
40.773615,42,12.532615
19.024272,20,12.535727
20.898661,22,12.540726
15.926843,17,12.542726
14.029881,15,12.544726
25.847248,27,12.548726
32.904572,34,12.553727
30.815814,32,12.557726
12.018817,13,12.559726
60.663497,62,13.087408
16.007004,17,13.089406
43.803692,45,13.093405
15.010255,16,13.094405
19.922024,21,13.096405
42.802802,44,13.099405
18.965352,20,13.101405
45.806838,47,13.731336
14.966531,16,13.73284
80.467702,82,13.74284
15.040762,16,13.74384
42.870233,44,13.74784
56.797155,58,13.752947
16.942581,18,13.753948
54.746026,56,14.386944
21.97909,23,14.390944
12.961734,14,14.392944
9.967917,11,14.394945
15.014062,16,14.396945
22.914585,24,14.400945
8.055759,9,14.401945
16.910155,18,14.403944
19.025219,20,14.406944
73.594775,75,14.416944
38.786603,40,14.941586
21.904358,23,14.944586
53.859519,55,14.954587
14.991235,16,14.957586
13.028127,14,14.959586
117.438359,119,15.460456
19.00734,20,15.462456
102.478624,104,15.470571
14.939915,16,15.47557
52.6471,54,15.47957
11.082135,12,15.48057
27.917026,29,15.48257
11.983707,13,16.101136
24.935337,26,16.102137
22.959479,24,16.105136
19.945117,21,16.107136
83.513956,85,16.114136
13.992827,15,16.116136
41.784968,43,16.119136
11.042345,12,16.120136
25.930782,27,16.12314
73.694019,75,16.81167
41.81474,43,16.81467
64.623232,66,16.820717
55.701994,57,16.825717
52.75898,54,17.335928
15.012366,16,17.337929
16.91132,18,17.338928
36.859686,38,17.342928
17.031122,18,17.343928
75.668761,77,17.349928
15.934333,17,17.351928
11.958774,13,17.352928
26.883023,28,17.847087
47.842977,49,17.851085
72.809483,74,17.858085
58.702696,60,17.865083
15.920239,17,17.868083
12.996599,14,17.86913
9.072459,10,17.870129
18.935922,20,17.872126
74.600025,76,18.450718
114.457011,116,18.468778
74.548606,76,19.082098
68.517818,70,19.0941
29.869772,31,19.099624
54.598801,56,19.107701
45.673425,47,19.115902
12.048446,13,19.117902
17.927524,19,19.120407
25.878319,27,19.732745
137.250448,139,19.755745
100.463395,102,19.764745
15.058201,16,20.281177
19.976006,21,20.283176
109.516649,111,20.291296
14.972829,16,20.293295
10.999393,12,20.295295
21.014311,22,20.299295
12.944499,14,20.302295
11.990767,13,20.305295
73.650484,75,20.998571
15.926443,17,21.001571
11.033893,12,21.003571
101.346222,103,21.017571
58.784198,60,21.029571
29.821102,31,21.522049
19.016002,20,21.526049
13.979478,15,21.529049
14.060905,15,21.531049
14.96988,16,21.534049
155.164827,157,21.561162
11.964604,13,21.563162
15.982404,17,22.157694
35.898439,37,22.163693
20.012286,21,22.166693
13.04653,14,22.168753
135.495797,137,22.191752
31.897762,33,22.197752
12.046183,13,22.776346
140.36664,142,22.792346
135.443796,137,23.363534
106.631481,108,23.385707
10.016081,11,23.388707
10.965454,12,23.390707
81.663417,83,23.404707
15.006011,16,23.937573
76.499107,78,23.951641
50.798529,52,23.96064
18.979098,20,23.964641
12.000084,13,23.96664
33.93628,35,23.97264
54.658393,56,24.576364
19.018486,20,24.580364
128.341183,130,24.607584
239.59558,242,25.177716
16.995079,18,25.179716
17.028811,18,25.180717
31.924142,33,25.184716
45.785756,47,25.189717
34.911546,36,25.77139
206.375933,208,25.79139
9.990907,11,25.79239
65.670778,67,26.371973
38.917113,40,26.377973
139.314264,141,26.39303
208.060261,210,26.968235
132.443529,134,27.611199
221.071237,223,28.357901
120.547439,122,28.379048
41.716412,43,28.386106
139.296618,141,28.981111
15.991016,17,28.98311
14.942144,16,28.985234
102.657218,104,29.004233
10.035994,11,29.007233
41.905197,43,29.659482
73.629239,75,29.674482
11.974328,13,29.676482
106.529818,108,29.697482
92.508311,94,30.346079
64.815997,66,30.359079
81.65596,83,30.379126
34.826382,36,30.382126
126.509846,128,30.86835
45.803258,47,30.87835
12.038286,13,30.87935
13.967871,15,30.88135
35.948392,37,30.885394
12.06234,13,30.886394
50.830436,52,31.445862
122.459752,124,31.464862
88.661962,90,31.484905
33.924455,35,32.017787
13.066807,14,32.020787
32.882488,34,32.026786
9.061462,10,32.028786
17.914777,19,32.031786
497.610918,500,33.211049
262.521813,265,33.856687
13.953869,15,33.858687
16.012993,17,33.861687
174.370986,176,34.463125
15.036125,16,34.465125
103.633239,105,34.479126
9.036723,10,34.481126
110.602578,112,35.235279
18.017729,19,35.239279
152.435494,154,35.278332
183.348009,185,35.879399
37.928404,39,35.888399
12.951449,14,35.891399
14.018588,15,35.894399
113.512704,115,36.511937
12.051143,13,36.512938
10.976501,12,36.514937
10.03184,11,36.515937
17.0247,18,36.522006
13.01711,14,36.525006
465.836175,469,37.739601
272.561942,275,38.287312
209.175883,211,38.923917
12.06515,13,38.927918
10.084142,11,38.930917
188.214411,190,39.671606
244.518269,247,40.324001
178.314078,180,40.350001
9.016381,10,40.351043
59.784808,61,40.872963
15.939142,17,40.874964
9.989945,11,40.876964
95.80069,97,40.886964
13.052129,14,40.888964
38.909716,40,40.892964
11.013585,12,40.894964
43.810222,45,40.899964
194.01213,196,41.423554
497.426313,500,42.785961
10.066685,11,42.788961
38.945947,40,42.798961
497.211418,500,44.205125
212.041638,214,44.839164
26.023788,27,44.845668
12.971906,14,44.849668
142.470775,144,45.48593
47.846693,49,45.49893
153.353954,155,46.132675
189.08499,191,46.163736
141.397007,143,46.710514
110.564187,112,46.730514
86.77506,88,47.306934
48.782745,50,47.313934
64.799809,66,47.323065
17.970663,19,47.325065
90.724204,92,48.018857
200.028566,202,48.050856
189.13466,191,48.573206
157.318786,159,49.267915
110.636731,112,49.300022
23.902791,25,49.305026
11.988232,13,49.306027
87.616985,89,49.884342
85.731879,87,49.897343
15.062491,16,49.900343
82.857985,84,50.522519
65.77001,67,50.540565
86.825302,88,50.562565
44.921671,46,50.574566
15.040322,16,50.577566
85.864871,87,51.174978
87.738588,89,51.201132
66.844724,68,51.209131
157.421138,159,51.835515
87.805802,89,51.862597
70.84052,72,52.5137
91.83273,93,52.540423
32.917299,34,52.548422
53.763035,55,52.563465
22.016926,23,52.570466
88.712698,90,53.13769
93.698635,95,53.154733
90.759185,92,53.178733
90.734243,92,53.725944
91.834312,93,53.740069
22.969847,24,53.743069
49.813639,51,53.76011
91.707512,93,54.321126
90.676641,92,54.336214
12.031172,13,54.338214
87.713979,89,55.008642
90.718237,92,55.021642
90.669171,92,55.038753
91.677659,93,55.664596
130.317507,132,55.680595
138.309804,140,56.370704
95.715827,97,56.395703
88.782648,90,56.422748
60.749667,62,57.042919
14.970722,16,57.04492
43.842992,45,57.056919
83.871692,85,57.076919
63.773011,65,57.691755
26.96421,28,57.698755
83.896497,85,57.720819
71.788157,73,57.739816
45.912399,47,57.747816
12.066319,13,57.748816
10.091402,11,58.36674
100.685675,102,58.391852
94.651489,96,58.414852
94.694675,96,59.042683
94.679181,96,59.061683
93.717418,95,59.08672
106.528599,108,59.729969
110.570698,112,59.757968
110.604368,112,60.446422
109.526504,111,60.46349
108.597418,110,61.066058
95.698158,97,61.090058
101.678046,103,61.110132
101.555675,103,61.684407
105.519594,107,61.712407
108.65647,110,62.382287
86.767575,88,62.410364
89.731971,91,62.44044
100.678314,102,63.136872
13.020304,14,63.140872
92.753058,94,63.164921
31.931349,33,63.172921
11.043839,12,63.175921
11.016098,12,63.178921
88.833424,90,63.739286
108.619116,110,63.769346
105.673394,107,64.403814
98.704509,100,64.415814
101.640913,103,64.427814
101.620652,103,65.064533
193.842886,196,65.643057
229.799513,232,65.69713
120.462131,122,66.302734
111.584144,113,66.316733
147.234528,149,66.982121
496.705914,500,68.308944
73.825365,75,68.329021
74.7279,76,68.346067
84.772968,86,68.999366
92.7724,94,69.027423
82.767504,84,69.048423
134.309948,136,69.61449
143.324606,145,70.269849
94.793385,96,70.291968
89.75763,91,70.314968
99.64443,101,70.936554
211.811061,214,71.551715
89.694485,91,71.574791
89.771017,91,71.593861
39.813478,41,71.604863
89.720924,91,72.287759
83.860484,85,72.298759
86.782198,88,72.311759
51.905192,53,72.959171
29.880418,31,72.964171
31.967318,33,72.968279
25.907648,27,72.972279
87.865929,89,72.985278
26.010864,27,72.989278
96.697545,98,73.718043
99.630998,101,73.733041
94.797007,96,74.316895
91.81785,93,74.327895
11.041203,12,74.328895
80.825078,82,74.339895
70.766177,72,74.993251
45.857208,47,75.000251
83.794922,85,75.011251
94.828064,96,75.721488
95.689397,97,75.735488
101.639288,103,75.748487
110.621616,112,76.349533
100.647315,102,76.377702
100.6438,102,76.92311
83.861834,85,76.944169
87.704683,89,76.961169
91.67113,93,77.619213
96.678378,98,77.635213
100.680358,102,77.661256
85.830398,87,78.276615
56.813307,58,78.284616
88.815255,90,78.298615
87.734635,89,78.855327
98.70958,100,78.86744
81.745756,83,78.87744
43.899953,45,79.425531
50.841099,52,79.43153
86.800531,88,79.454649
86.751603,88,79.47665
90.767505,92,80.085362
92.77767,94,80.097363
97.783079,99,80.778147
85.724708,87,80.790142
82.804691,84,80.802142
95.749251,97,81.33521
107.661281,109,81.355209
107.649474,109,81.370209
126.459197,128,82.012757
135.394098,137,82.050919
131.429386,133,82.705964
122.435846,124,82.728008
248.975347,251,83.303268
96.625634,98,83.998359
96.770711,98,84.01936
88.79595,90,84.563876
196.981326,199,84.612485
330.401672,333,85.878006
152.214784,154,85.89713
129.343964,131,86.418082
109.528439,111,86.434192
106.582787,108,86.983086
11.020193,12,86.985087
16.987989,18,86.989086
26.007265,27,86.993087
93.735001,95,87.006086
36.93024,38,87.014086
19.043195,20,87.019087
247.73952,250,87.628276
32.88325,34,88.203766
107.593003,109,88.225767
11.018041,12,88.227768
102.619346,104,88.251925
140.34498,142,88.779205
149.197147,151,89.33028
159.272277,161,89.35132
140.352514,142,90.020236
111.497777,113,90.041236
105.56237,107,90.72997
111.524294,113,90.761095
104.511798,106,90.788152
339.38351,342,92.032196
51.892238,53,92.046196
87.709976,89,92.072232
122.793719,124,92.660501
147.330657,149,92.694586
289.576868,292,93.875426
16.001862,17,93.877426
120.609432,122,93.893429
120.526624,122,94.493169
131.395948,133,94.519247
125.505363,127,95.119525
101.59917,103,95.133664
99.702619,101,95.155663
130.538969,132,95.721863
118.600144,120,95.74903
231.934079,234,96.364534
255.850458,258,97.047877
212.914827,215,97.696132
131.51666,133,98.37188
282.684173,285,99.028994
86.799389,88,99.051127
11.995813,13,99.055127
93.705856,95,99.711411
267.688797,270,100.273936
175.339669,177,100.310937
155.397929,157,100.890226
149.388669,151,100.928474
129.550805,131,101.571368
124.601238,126,101.602367
28.930924,30,102.182199
155.402237,157,102.220256
155.363891,157,102.791011
254.572515,257,103.411894
30.863118,32,103.414894
110.518578,112,103.439952
116.474959,118,104.07138
106.578086,108,104.089436
153.430158,155,104.768675
141.474727,143,104.787825
10.053042,11,104.789825
181.085881,183,105.474532
94.6902,96,106.094944
12.045108,13,106.097943
355.352493,358,106.738007
147.524545,149,107.476007
10.083837,11,107.478007
421.997883,425,108.158642
280.856015,283,108.845109
187.187832,189,109.564452
293.702772,296,110.269025
225.071749,227,110.962474
294.014908,296,111.690887
165.207852,167,112.306366
25.991756,27,112.310365
233.01021,235,112.959707
159.294253,161,113.715745
134.517555,136,113.738781
176.349386,178,114.456755
118.59363,120,114.481818
307.403468,309,115.806409
175.186647,177,115.844404
189.085132,191,116.556923
207.874083,210,117.236244
200.072682,202,117.944442
497.120282,500,119.356343
10.96925,12,119.358343
117.622852,119,119.376402
110.763437,112,120.050422
497.485916,500,120.802608
11.97364,13,121.375025
12.969077,14,121.379025
120.744718,122,121.409025
335.652528,338,122.079601
496.97271,500,123.38665
93.700119,95,124.054416
12.085369,13,124.057416
86.793766,88,124.079416
80.751048,82,124.099537
330.595379,333,125.379677
98.665161,100,125.391736
496.995822,500,126.679678
157.648347,159,127.376763
126.514281,128,127.39482
122.545838,124,127.989729
97.593909,99,128.001729
93.662025,95,128.014729
299.46444,302,129.369239
96.599263,98,129.399295
97.642191,99,129.411295
228.270972,230,130.123855
153.196832,155,130.817336
145.334552,147,130.85249
186.371889,188,131.548215
157.337541,159,132.266351
114.507336,116,132.289469
115.606066,117,132.837552
134.448751,136,132.854614
497.031043,500,134.231606
496.945663,500,135.657063
172.44565,174,136.305088
13.057181,14,136.306089
89.724063,91,136.319085
91.723598,93,136.930438
303.825033,306,137.599704
157.316233,159,137.628747
102.558782,104,138.383377
95.706041,97,138.400378
91.638668,93,139.047731
96.596542,98,139.072772
93.638055,95,139.089477
145.393837,147,139.706549
459.960678,464,141.075691
105.593537,107,141.095756
109.502775,111,141.795046
106.553008,108,141.810045
109.44242,111,141.839045
103.588753,105,142.433187
103.6786,105,142.457188
105.718922,107,143.122587
134.402172,136,143.157654
143.404757,145,143.88391
148.320443,150,143.90391
142.287096,144,144.593701
147.348516,149,144.612701
149.367865,151,145.308098
278.165663,281,145.981879
231.485146,234,146.754203
247.012842,249,147.475564
207.154982,209,148.15178
39.787532,41,148.15714
434.669641,437,149.601683
32.964312,34,149.609684
497.665717,500,150.981171
133.598793,135,151.008171
14.998329,16,151.012171
120.460534,122,151.688111
135.349057,137,151.722111
494.810054,498,153.323082
141.337438,143,154.056683
142.287315,144,154.096876
194.049525,196,154.745311
286.96189,289,155.615504
342.86673,345,157.156124
93.725604,95,157.173232
102.653541,104,157.850773
12.025469,13,157.852773
247.167286,249,158.553396
99.606615,101,158.567456
100.559157,102,158.582456
113.652782,115,159.346486
14.049068,15,159.349484
9.036706,10,159.352484
134.312954,136,159.385484
103.590935,105,160.098987
107.561853,109,160.12211
110.496541,112,160.799292
22.973836,24,160.802291
106.627016,108,160.818291
103.652613,105,161.504972
103.643188,105,161.516974
109.580985,111,161.531973
142.409195,144,162.22642
145.36639,147,162.82777
31.002754,32,162.831825
91.796943,93,162.850825
89.772886,91,162.874825
97.705699,99,163.588333
103.609902,105,163.603837
103.686188,105,164.448385
85.839584,87,164.462449
87.78844,89,164.475448
65.835135,67,165.295434
496.950029,500,166.797194
100.573201,102,166.812194
102.627448,104,166.826194
106.627827,108,167.67951
142.185656,144,167.70051
137.346625,139,168.336359
128.506201,130,168.370424
93.618423,95,169.154495
97.647437,99,169.178543
15.042678,16,169.182544
94.71234,96,169.953079
194.189693,196,170.006223
153.372591,155,170.806455
496.121547,500,172.473635
93.664998,95,172.498701
95.713511,97,173.291818
117.600629,119,173.309817
10.063405,11,173.311958
129.615263,131,174.040181
111.705091,113,174.067233
13.947349,15,174.069233
48.783284,50,174.075233
102.622833,104,174.74957
102.495756,104,174.772686
108.615142,110,175.437435
318.156878,321,176.1735
92.679846,94,176.187498
114.630843,116,176.93115
140.345265,142,176.960149
280.2762,282,177.803665
278.731777,281,178.638402
106.518668,108,179.414702
113.415424,115,179.437756
119.457135,121,180.169137
113.546197,115,180.190137
107.506963,109,180.99106
39.93591,41,180.997118
91.647485,93,181.011118
45.898641,47,181.023118
107.539832,109,181.786849
110.437148,112,181.815906
102.597224,104,182.66019
90.849637,92,182.671259
82.853179,84,182.683257
85.837478,87,183.350198
87.781248,89,183.373199
90.74495,92,183.396237
142.485721,144,184.145705
188.932793,191,184.94592
129.390902,131,184.96792
256.992157,259,185.844048
37.881647,39,185.854048
89.721704,91,186.722396
94.627652,96,186.746539
24.895832,26,186.752539
91.687102,93,187.589678
148.480148,150,187.611318
157.204367,159,188.387932
141.338752,143,188.418036
141.274281,143,189.043182
123.433094,125,189.073288
166.098615,168,189.854434
124.344723,126,189.886497
100.562551,102,190.695462
45.858496,47,190.702462
96.587243,98,190.714462
135.372751,137,191.47785
129.386988,131,192.203476
416.428064,419,192.98082
157.591077,159,193.785545
103.542662,105,193.81267
104.687781,106,194.501245
52.79869,54,194.509245
88.752298,90,194.527245
12.003748,13,194.530397
91.84224,93,195.300568
88.777554,90,195.314569
12.967921,14,195.318568
63.749946,65,195.334571
54.788034,56,195.352631
87.753899,89,196.223528
21.912374,23,196.226528
44.892025,46,196.231528
88.85756,90,196.247576
10.092227,11,196.248575
83.816825,85,196.931999
88.786874,90,196.953996
86.793684,88,196.976996
102.58466,104,197.797412
105.521468,107,197.819548
108.638886,110,198.486607
91.727748,93,198.498669
88.71515,90,198.512667
10.99251,12,199.19594
13.018594,14,199.19894
41.918568,43,199.209939
28.921821,30,199.217939
39.946113,41,199.227939
32.893711,34,199.233939
37.928424,39,199.238939
13.975606,15,199.240939
87.733884,89,200.101948
100.682773,102,200.127994
11.05435,12,200.130994
99.66859,101,200.886137
121.548203,123,200.908137
115.62357,117,200.933388
86.714954,88,201.657912
90.760148,92,201.678912
13.028245,14,201.680912
78.835636,80,202.501359
80.686564,82,202.522358
78.767306,80,202.532358
74.74078,76,202.542358
31.921099,33,203.376058
91.837353,93,203.401121
32.907858,34,203.409121
48.813855,50,203.419121
76.836097,78,204.129829
10.037777,11,204.132829
69.826471,71,204.15394
9.96654,11,204.156945
49.900076,51,204.164074
72.784096,74,204.174074
27.999402,29,204.794554
71.781923,73,204.812664
91.856384,93,204.841712
88.843404,90,205.652173
94.742688,96,205.665292
92.760393,94,205.688291
71.745103,73,206.407055
50.80625,52,206.415055
16.943043,18,206.417055
70.769601,72,206.435055
71.749843,73,206.452165
61.813833,63,207.283054
42.911508,44,207.295055
64.887994,66,207.305054
43.906071,45,207.311054
86.762584,88,208.041528
96.6611,98,208.063684
91.765789,93,208.077684
92.716404,94,208.80849
80.776678,82,208.819549
91.739212,93,208.848549
16.956514,18,208.853549
92.749154,94,209.748986
82.684839,84,209.771024
75.727282,77,209.789023
104.524779,106,210.69399
110.556922,112,210.70699
69.689452,71,211.630998
89.706608,91,211.654997
85.824834,87,211.670108
91.665303,93,212.440725
102.60327,104,212.466829
112.443217,114,213.148968
110.514934,112,213.181047
107.645037,109,213.200111
98.667378,100,214.135209
98.641771,100,214.159209
76.7368,78,214.182965
126.466375,128,214.980668
182.865163,185,215.740408
121.414477,123,215.763454
120.392271,122,216.455476
132.325627,134,216.4876
119.432828,121,217.237012
96.700366,98,217.258129
92.769979,94,217.281129
41.863226,43,218.048535
87.765836,89,218.062535
95.764736,97,218.075535
96.758872,98,218.724325
98.62494,100,218.738326
98.612267,100,218.759392
133.440043,135,219.496873
130.441861,132,220.385074
333.687352,336,221.211106
88.840515,90,221.223106
87.766585,89,221.918048
388.869665,393,222.85553
130.316487,132,223.761757
49.843379,51,223.769758
35.873147,37,223.774757
9.971394,11,223.778816
59.793605,61,223.793815
73.865026,75,223.812815
113.488341,115,224.633777
106.592351,108,224.655828
81.592106,83,225.45489
80.803289,82,225.46789
22.97604,24,225.47389
74.761032,76,225.493004
123.628332,125,226.128205
202.295261,204,226.937017
24.003717,25,226.940015
63.774275,65,226.949015
62.84933,64,226.965015
16.013982,17,226.969016
38.931742,40,226.98006
114.669577,116,227.768082
99.714973,101,227.782202
94.797723,96,228.503919
94.817889,96,228.519921
95.766087,97,228.53692
9.978718,11,229.321626
92.738313,94,229.343119
93.738381,95,229.354121
33.87659,35,229.358121
100.604133,102,230.242241
141.404995,143,230.264241
103.570612,105,231.042826
88.738018,90,231.055864
83.858175,85,231.077863
38.929954,40,231.90201
50.891759,52,231.91101
12.044834,13,231.91301
90.823197,92,231.927008
52.820861,54,231.936008
149.267122,151,232.721414
154.17472,156,233.610021
38.869527,40,233.616154
10.989441,12,233.619154
17.031514,18,233.624154
95.667778,97,233.648154
114.802235,116,234.466855
209.991202,212,235.154207
84.862435,86,235.166207
22.935272,24,235.169207
30.920312,32,235.173207
19.92422,21,235.176329
23.982649,25,235.180328
96.849043,98,236.007732
190.095803,192,236.055798
112.408508,114,236.799508
27.885759,29,236.803508
99.588944,101,236.817508
341.63093,344,238.440419
148.376857,150,238.466516
134.447472,136,239.232928
157.204616,159,239.255998
371.290103,374,240.831341
212.720631,215,241.678387
187.942135,190,242.407743
395.417585,398,243.20484
142.17982,144,243.988015
330.693322,334,244.965387
28.905059,30,244.973387
34.927135,36,244.982387
43.895722,45,244.993497
33.864778,35,245.002496
161.428286,163,245.713605
279.912708,282,246.500621
31.917286,33,246.508768
53.802225,55,247.274774
496.300091,500,248.799667
137.578472,139,248.816664
101.623886,103,248.829667
113.680683,115,249.610938
110.669825,112,249.627628
109.687857,111,250.451947
123.583418,125,250.47201
204.370225,206,251.076427
367.296987,370,252.490828
238.335798,240,252.530866
30.891596,32,253.297741
497.376528,500,254.92081
41.846636,43,254.931809
29.861945,31,254.93881
29.914296,31,254.945989
110.610495,112,254.971987
113.678394,115,255.766001
108.649908,110,255.793223
212.595264,214,256.606352
147.405057,149,257.406134
112.630651,114,257.431134
119.687512,121,258.088688
24.003562,25,258.091688
28.944648,30,258.096688
23.029787,24,258.099688
37.860841,39,258.105688
90.771368,92,258.122724
157.318734,159,258.853398
168.04051,170,259.844893
89.78584,91,259.868893
24.957924,26,259.874893
84.882223,86,260.762965
87.734889,89,260.781079
168.797346,170,261.545977
28.964357,30,261.552976
183.213461,185,261.581975
168.372712,170,262.449001
38.91812,40,262.456001
98.798365,100,263.169991
106.633002,108,263.184992
30.91205,32,263.190992
116.572225,118,263.913762
190.104403,192,263.957864
311.603419,314,265.640182
120.56914,122,265.674295
23.982752,25,265.678354
127.665012,129,266.375156
128.514694,130,266.393287
119.683234,121,267.29366
10.021006,11,267.296658
170.851875,172,267.336711
228.539894,230,268.064867
497.319564,500,269.583777
11.031755,12,269.586777
97.791007,99,270.345176
471.189887,474,271.071914
20.953458,22,271.730874
109.592004,111,271.746873
19.991668,21,271.749873
27.877408,29,271.755873
105.674297,107,272.504333
120.651167,122,272.535441
20.925576,22,272.54144
29.963649,31,272.54844
81.708191,83,273.292125
10.019031,11,273.294125
9.017309,10,273.296125
161.37818,163,273.331233
9.032821,10,273.337232
187.250606,189,274.079773
166.278611,168,274.811037
142.345654,144,274.83304
201.267848,203,275.459046
247.081816,249,276.293344
92.684255,94,276.316344
44.837206,46,277.065836
15.026745,16,277.067837
212.083334,214,277.924954
294.71761,297,278.703469
25.977349,27,278.707469
146.449205,148,278.743581
497.445852,500,280.365872
417.40484,420,281.833921
15.013091,16,281.837922
179.553289,181,282.688532
496.859203,500,284.440003
228.245404,230,285.275221
496.609031,500,286.687112
329.564655,332,287.519587
111.547534,113,287.535589
21.945631,23,287.538589
14.027313,15,287.541589
145.373989,147,288.249693
152.372522,154,289.003618
141.508732,143,289.041918
143.491765,145,289.911645
155.494238,157,289.940641
132.564185,134,290.72031
174.353245,176,291.406615
23.006396,24,291.410615
97.745088,99,291.424615
98.638096,100,291.438615
171.347655,173,292.142623
59.790056,61,292.149623
16.034778,17,292.151623
16.973534,18,292.153623
188.163039,190,292.864107
135.458693,137,293.489708
188.130686,190,293.52882
19.937617,21,294.405514
126.605105,128,294.423511
133.653552,135,295.158982
151.346683,153,295.195982
94.696198,96,295.968682
122.607944,124,295.984681
113.55763,115,296.847381
245.169343,247,296.900574
19.017889,20,297.603986
106.66509,108,297.620029
101.560763,103,297.646028
113.630726,115,298.363031
105.713521,107,298.387092
28.950231,30,298.392092
12.983719,14,298.394092
25.940625,27,299.121947
19.041738,20,299.12803
102.618634,104,299.148026
113.597068,115,299.175964
11.99406,13,299.869599
109.601529,111,299.89378
110.599336,112,299.92178
141.600533,143,300.683329
247.309049,249,301.473585
22.986192,24,301.477585
107.686,109,301.505585
101.576377,103,302.129274
110.578665,112,302.147274
106.508232,108,302.876635
118.484345,120,302.901772
111.560159,113,303.684765
29.908232,31,303.688765
11.063035,12,303.690765
91.775161,93,303.713765
36.853853,38,303.722764
19.984152,21,303.727882
101.708357,103,304.653631
103.70385,105,304.668632
28.888469,30,304.672632
94.736146,96,305.467049
97.65143,99,305.4821
97.661447,99,305.5041
108.764827,110,306.223485
114.725415,116,306.251537
12.076149,13,306.253537
97.606365,99,307.11081
96.605541,98,307.122809
102.552646,104,307.934392
92.62389,94,307.947392
102.600331,104,307.961392
99.648457,101,308.649612
36.898076,38,308.654612
95.616776,97,308.669611
89.695455,91,309.402917
106.50595,108,309.429959
106.467846,108,309.457067
98.562836,100,310.309602
103.51454,105,310.336602
108.514829,110,311.187705
106.649562,108,311.213849
105.60433,107,311.978585
495.574345,500,312.898869
101.676212,103,313.752816
24.925624,26,313.758976
88.801015,90,313.781976
119.654028,121,314.564708
119.616225,121,314.592795
188.492263,190,315.417454
183.40955,185,316.217606
132.608163,134,316.253762
389.619229,392,317.753986
94.61682,96,317.778049
40.847196,42,317.789048
120.838686,122,318.649962
211.266998,213,319.409093
33.905856,35,319.420093
29.956958,31,319.428124
29.882363,31,319.436129
17.970871,19,319.441124
27.903126,29,319.448123
42.888779,44,319.459177
29.89113,31,319.467176
311.951945,314,321.204799
116.457229,118,321.228854
113.637884,115,321.936219
153.152986,155,321.969286
191.15625,193,322.779956
267.185861,269,323.556691
158.351404,160,324.403179
117.42602,119,324.421179
374.027919,377,325.977631
21.029902,22,325.983631
167.08424,169,326.025745
75.790815,77,326.795415
108.580186,110,326.823461
93.622455,95,326.836459
306.73879,309,328.497765
249.437184,251,329.346374
264.033295,266,330.173305
16.040916,17,330.175304
231.227162,233,331.010235
117.563492,119,331.038234
12.017159,13,331.039291
200.975408,203,331.925245
440.895516,444,333.314759
170.329328,172,333.356821
13.047265,14,333.360822
128.450014,130,334.13841
285.903012,288,335.039038
378.192156,381,336.428901
496.984752,500,337.978185
17.010415,18,337.983185
434.242502,437,338.720278
114.701186,116,339.489905
219.986927,222,340.1169
88.763857,90,340.129039
27.990415,29,340.134039
89.726233,91,340.146038
86.683997,88,340.845133
21.993961,23,340.854133
27.940403,29,340.858194
86.78258,88,340.870193
91.822719,93,341.662137
13.004424,14,341.665137
14.040311,15,341.669137
149.481997,151,341.707237
138.361837,140,342.366723
133.388614,135,342.398723
135.372733,137,343.212276
126.482889,128,343.229275
110.555314,112,343.99252
108.524916,110,344.01252
96.640991,98,344.783551
90.772377,92,344.796551
16.953301,18,344.798551
96.70169,98,345.538961
266.792767,269,346.533984
148.260306,150,346.572984
142.274333,144,347.440489
86.754361,88,347.452489
91.761933,93,347.463489
105.620166,107,348.187832
122.408407,124,348.208885
109.595316,111,348.960977
109.513658,111,348.982081
114.48051,116,349.566174
115.520313,117,349.583172
114.456744,116,350.374577
126.350359,128,350.400577
129.327064,131,351.320868
106.562681,108,351.348927
97.667225,99,351.373024
381.844963,385,353.001555
105.582861,107,353.015556
109.491287,111,353.71349
130.280622,132,353.74549
116.438499,118,354.51313
147.247534,149,354.542181
139.241786,141,355.230301
131.320486,133,355.262414
496.242271,500,356.966179
112.520686,114,357.797252
59.843393,61,357.804252
90.842906,92,357.823293
95.695111,97,358.56775
122.37295,124,358.58575
390.96268,394,360.251681
35.899034,37,360.256681
80.90629,82,360.268681
40.85696,42,360.274743
83.768519,85,360.94417
91.735643,93,360.95617
91.657932,93,360.97017
496.188022,500,362.574431
496.058934,500,364.166499
495.930108,500,365.883692
495.934782,500,367.529506
495.890664,500,369.366712
495.685871,500,371.084256
496.231707,500,372.838902
495.928216,500,374.697816
495.616521,500,376.357553
495.652291,500,377.998725
495.660902,500,379.591995
496.010917,500,381.237951
495.89022,500,382.826224
495.716072,500,384.530977
495.518262,500,386.166343
320.830446,324,387.090295
496.609173,500,388.631963
495.807373,500,390.213818
495.354121,500,391.73139
495.80503,500,393.557834
94.755081,96,393.570833
89.849225,91,394.416945
495.016464,500,396.075749
12.005802,13,396.077749
48.91203,50,396.083749
33.841348,35,396.087751
45.904872,47,396.093752
46.803473,48,396.099253
35.85969,37,396.104302
348.772541,352,397.744623
43.868556,45,397.755622
42.867527,44,397.767622
11.081587,12,397.770731
32.874467,34,397.777734
435.088705,438,399.359908
497.580421,500,401.278692
94.819415,96,401.303748
26.932053,28,401.310748
34.973167,36,402.19155
10.052861,11,402.194549
90.801642,92,402.218548
38.840582,40,402.228586
21.968002,23,402.234586
88.772661,90,403.002169
243.562784,246,403.915579
45.841131,47,403.927579
31.985502,33,403.936709
29.995147,31,403.946709
34.858133,36,403.951709
95.742444,97,404.756503
12.971404,14,404.759502
120.434673,122,404.774567
113.552197,115,405.631216
109.585888,111,405.644216
16.041482,17,405.646216
106.573424,108,405.661216
409.20966,413,407.195671
120.511634,122,407.941329
201.817637,204,407.996515
298.173718,301,409.370447
495.998456,500,410.32672
28.856862,30,411.110461
93.799945,95,411.131568
94.746282,96,411.155568
20.957283,22,411.161568
104.722791,106,411.981143
159.212311,161,412.014688
462.787343,467,413.708019
156.168223,158,414.545485
17.960918,19,414.548486
20.995273,22,414.551486
20.039779,21,414.554485
18.030772,19,414.557486
20.930487,22,414.560485
10.072346,11,414.562485
11.017984,12,414.564485
18.999418,20,414.567485
398.430411,402,416.029946
43.77583,45,416.036071
150.470752,152,416.816546
109.79139,111,416.846546
104.620675,106,417.691708
99.702673,101,417.716826
30.996299,32,417.724827
99.673143,101,418.54943
96.613195,98,418.56443
11.953477,13,418.56643
99.665156,101,418.588539
37.877701,39,419.489743
103.72105,105,419.505743
103.759762,105,419.518742
22.89339,24,419.521742
13.043583,14,420.207193
29.962258,31,420.21119
39.819979,41,420.218189
497.984664,500,421.880153
123.536126,125,421.908153
496.991791,500,423.392579
496.603203,500,425.16588
267.441124,270,426.012225
140.518293,142,426.909572
170.362464,172,426.951686
111.508734,113,427.910774
103.579692,105,427.925823
24.945719,26,427.929823
107.649573,109,428.772391
115.55263,117,428.789388
497.233715,500,430.325094
113.543081,115,431.146794
224.746821,227,431.992313
496.890463,500,433.69665
24.977753,26,433.70065
31.87806,33,433.705707
20.016561,21,433.709706
25.926409,27,433.714705
32.875546,34,433.724705
154.560086,156,434.508417
125.64238,127,434.530463
134.556768,136,435.331517
496.711862,500,436.988604
389.714308,393,437.977251
137.298363,139,438.738546
93.740227,95,438.758661
87.771913,89,438.770717
135.544305,137,439.465804
254.53412,257,440.218363
60.719336,62,440.225363
60.688517,62,440.233362
32.91545,34,441.091077
14.040314,15,441.098077
91.752685,93,441.112078
22.910195,24,441.115078
29.982307,31,441.121078
12.017599,13,441.123078
15.004712,16,441.125078
22.906992,24,441.129078
12.952063,14,441.131079
116.618037,118,441.833921
118.714121,120,441.859921
113.601557,115,442.725903
119.494839,121,442.747901
112.592291,114,443.518185
107.626418,109,443.543252
108.613216,110,444.105779
87.718797,89,444.115779
23.930188,25,444.119781
10.0248,11,444.12078
93.724875,95,444.818422
23.001637,24,444.82542
32.908471,34,444.83442
22.975923,24,444.840421
16.04569,17,444.843421
53.845691,55,444.85042
22.919462,24,444.85442
24.02147,25,444.85742
28.920727,30,444.861421
25.931254,27,445.654243
94.705175,96,445.679296
89.793617,91,445.701296
93.801564,95,446.621872
230.637678,232,447.403301
143.753049,145,447.433358
20.006694,21,447.436423
24.902481,26,447.440423
26.978025,28,447.444423
143.596499,145,448.472306
175.511126,177,449.284299
43.861151,45,449.293299
166.499331,168,449.334428
122.678347,124,450.126273
149.608536,151,450.957298
13.97643,15,450.959298
367.329498,370,451.764691
497.364655,500,453.3945
10.969826,12,453.3965
125.618156,127,454.158093
273.421016,275,454.958881
109.577691,111,454.978947
107.55839,109,454.992007
140.636711,142,455.888059
126.611896,128,456.827607
135.371867,137,456.844607
175.291216,177,457.635267
102.756599,104,457.666317
99.802149,101,458.549044
176.661853,178,458.571044
84.683693,86,459.364825
129.532232,131,459.397825
245.514529,247,460.154146
181.603463,183,461.033111
139.781607,141,461.053111
399.369916,401,462.714884
497.953487,500,464.479254
498.152978,500,466.163031
497.358542,500,467.752382
496.792845,500,469.330814
13.95184,15,469.332814
497.430402,500,470.986153
497.286281,500,472.451419
497.187222,500,474.182532
37.880884,39,474.190598
104.680872,106,474.205599
12.944655,14,474.207599
11.957085,13,474.209599
397.596308,400,475.741202
11.006231,12,475.743206
117.521928,119,475.75935
101.732881,103,476.542436
92.783462,94,476.56656
101.733985,103,477.520902
26.964051,28,477.5259
33.939032,35,477.5349
96.771422,98,477.559901
10.984876,12,477.5629
12.014937,13,477.5659
100.907086,102,478.426041
13.060572,14,478.428041
16.99098,18,478.430041
119.635614,121,478.44804
108.648202,110,479.220206
105.693469,107,479.236327
112.652966,114,480.114732
497.000339,500,481.812437
327.146108,330,482.659113
14.983222,16,482.663113
97.671111,99,482.687155
25.950469,27,482.694154
496.945843,500,484.296621
497.330192,500,486.080209
20.04575,21,486.083275
32.975317,34,486.088589
125.574023,127,486.906928
121.67214,123,486.934928
18.028839,19,487.797299
20.94984,22,487.800299
20.033692,21,487.803299
17.999871,19,487.8053
24.010686,25,487.8083
21.985415,23,487.811299
20.925876,22,487.814299
11.951286,13,487.815299
24.993171,26,487.819299
15.055095,16,487.822299
16.014626,17,487.824299
28.903847,30,487.829299
497.281776,500,489.650972
497.051116,500,491.408906
304.882435,307,493.020747
10.029986,11,493.021747
496.947746,500,494.679172
117.668505,119,494.710172
12.066429,13,494.713172
119.646746,121,495.573965
108.723097,110,495.603024
104.772715,106,495.623091
15.962281,17,495.625091
496.471733,500,496.970534
496.565309,500,498.614088
497.191873,500,500.217502
107.538666,109,501.17726
13.989844,15,501.181259
497.534798,500,502.788612
130.535115,132,502.816608
496.588563,500,504.624517
175.200489,177,505.491465
111.690458,113,505.519587
214.353319,216,506.223604
496.297128,500,507.825657
168.082139,170,508.637129
44.917829,46,508.643129
35.968939,37,508.648129
112.77367,114,509.41489
496.532826,500,511.006876
115.698274,117,511.032875
118.621823,120,511.061933
496.450774,500,512.683758
497.482303,500,514.342954
412.366529,416,516.025059
159.24438,161,516.748715
135.369807,137,516.770713
497.187813,500,518.571383
134.462433,136,519.479547
36.969011,38,519.489547
12.967578,14,519.492548
91.678785,93,519.511593
92.746362,94,520.253351
108.750195,110,520.272398
111.709921,113,520.290456
20.023494,21,521.177062
375.626208,378,522.056817
123.469667,125,522.077871
15.990946,17,522.932316
112.703019,114,522.961379
114.587292,116,522.975446
166.062868,168,523.705905
92.783823,94,523.731959
99.749036,101,524.511196
496.425002,500,526.21603
496.134254,500,527.76293
99.782918,101,527.776932
101.692051,103,528.565999
144.3146,146,528.592998
401.516466,404,530.252908
208.875384,211,531.119341
496.204808,500,532.854428
495.849469,500,533.67347
257.925867,260,534.627766
111.776086,113,535.381234
125.704994,127,535.418463
102.689514,104,536.243812
104.803297,106,536.264812
108.79599,110,537.042444
110.658015,112,537.069555
112.694273,114,537.727293
109.714199,111,537.751481
109.731065,111,537.77848
114.748528,116,538.674772
110.826629,112,538.69391
116.669545,118,539.586025
138.424996,140,539.621023
126.553571,128,540.407477
110.678998,112,540.435536
121.567759,123,541.428252
185.011419,187,541.463686
119.636066,121,542.340092
116.674596,118,542.370139
43.896688,45,543.131493
10.970442,12,543.132493
114.711917,116,543.157493
19.916062,21,543.162493
101.812055,103,544.082247
482.177596,485,545.034905
140.424245,142,545.878244
128.538162,130,546.755975
421.620088,425,547.601444
194.392539,196,548.367918
496.098734,500,549.969514
131.548921,133,549.989586
402.438178,406,551.649174
127.536253,129,551.681174
113.62172,115,552.658904
119.725038,121,552.685941
102.7042,104,553.460387
11.083188,12,553.463387
25.900248,27,553.469387
105.704969,107,553.496526
26.024871,27,554.335559
12.002937,13,554.338559
35.8833,37,554.348559
27.007474,28,554.354559
102.709766,104,554.37966
103.801232,105,555.202567
261.46905,264,556.121864
117.686403,119,556.152477
118.617557,120,556.84295
29.893412,31,556.84795
117.736996,119,556.878063
11.97526,13,556.88114
19.006224,20,556.88514
27.961078,29,556.89214
120.743014,122,557.665063
34.920576,36,557.670063
116.731951,118,557.692585
125.608846,127,558.419621
126.515734,128,558.443755
107.69997,109,559.334402
103.702944,105,559.358399
22.928048,24,559.3634
121.659041,123,560.050914
28.94564,30,560.054914
29.943183,31,560.058914
116.720998,118,560.867182
26.985348,28,560.871182
120.642688,122,560.901302
119.601394,121,561.749089
114.713448,116,561.782241
118.619197,120,562.661512
118.671098,120,562.684761
20.981275,22,562.690761
19.963327,21,562.69576
20.986234,22,562.70076
23.962729,25,562.70676
121.639535,123,563.674093
125.727115,127,563.709156
139.574191,141,564.60192
181.001055,183,565.361359
129.521724,131,565.384357
30.94089,32,565.389359
132.537341,134,566.25613
148.434168,150,566.29313
329.533792,332,567.884499
137.636381,139,567.906501
169.588152,171,568.758067
159.554694,161,569.561326
176.199643,178,569.59054
179.178429,181,570.284829
156.567046,158,571.118648
139.554317,141,571.149702
140.592256,142,571.975692
173.166455,175,572.009692
194.103858,196,572.786503
187.306014,189,573.786236
172.345668,174,574.4568
376.459649,380,575.344821
131.595067,133,576.166181
496.334546,500,577.108311
14.047674,15,577.844306
497.371367,500,578.634593
13.032192,14,579.552305
8.980849,10,579.553306
156.490915,158,579.573357
143.484676,145,580.439898
22.969333,24,580.445898
22.902352,24,580.452898
138.558499,140,580.492048
496.712707,500,582.204519
122.632104,124,583.134128
114.747485,116,583.159128
395.66014,398,584.751334
153.27382,155,585.686932
29.897727,31,585.691932
23.020848,24,585.701933
19.029983,20,585.704932
38.913341,40,585.710932
22.915786,24,585.716009
455.463318,458,587.301297
149.319588,151,587.334299
22.89696,24,588.222995
10.021784,11,588.224994
124.526007,126,588.242993
18.923936,20,588.246034
497.71069,500,589.89548
130.46119,132,590.715498
125.468534,127,590.741501
26.874685,28,590.7455
497.594122,500,592.455522
497.308456,500,594.135296
161.059763,163,594.979744
117.531257,119,594.996744
